PDR,delay,Overhead
0.4,8.52526e+06,2.93893e+06
