PDR,delay,Overhead
0.4,7.87601e+06,1.12786e+06
