PDR,delay,Overhead
0.9,3.67602e+06,2.21142e+06
