PDR,delay,Overhead
0.3,1.05561e+07,2.71907e+06
