PDR,delay,Overhead
0.3,6.79993e+06,2.32124e+06
