PDR,delay,Overhead
0.3,1.12698e+07,7.62611e+06
