PDR,delay,Overhead
0.2,1.32542e+07,4.39435e+06
