PDR,delay,Overhead
0.5,4.07046e+06,1.78325e+06
