PDR,delay,Overhead
0.4,5.08137e+06,5.55794e+06
