PDR,delay,Overhead
0.5,4.67812e+06,5.84011e+06
