PDR,delay,Overhead
0.7,5.01322e+06,3.41173e+06
