PDR,delay,Overhead
0.3,1.23512e+07,4.46972e+06
