PDR,delay,Overhead
0.2,1.22923e+07,7.59347e+06
