PDR,delay,Overhead
0.2,1.01976e+07,6.18768e+06
