PDR,delay,Overhead
0.5,4.34666e+06,7.57919e+06
