PDR,delay,Overhead
0.4,5.68618e+06,1.98971e+06
