PDR,delay,Overhead
0.5,4.06848e+06,2.55946e+06
