PDR,delay,Overhead
0.5,4.07531e+06,2.32654e+06
