PDR,delay,Overhead
0.3,7.10216e+06,3.30226e+06
