PDR,delay,Overhead
0.2,1.06703e+07,1.87951e+06
