PDR,delay,Overhead
0.6,5.10273e+06,1.25097e+06
