PDR,delay,Overhead
0.3,6.78694e+06,1.39192e+06
