PDR,delay,Overhead
0.4,7.07998e+06,4.71396e+06
