PDR,delay,Overhead
0.6,3.39017e+06,1.31974e+06
