PDR,delay,Overhead
0.7,3.05004e+06,4.34276e+06
