PDR,delay,Overhead
0.4,7.76815e+06,1.08158e+06
