PDR,delay,Overhead
0.6,3.39213e+06,1.14507e+06
