PDR,delay,Overhead
0.3,7.43759e+06,3.03293e+06
